"0",""
"0","garchmodel <- ""data {"
"0","  int<lower=0> T;  //total number of days"
"0","  int<lower=0> H; //number of days ahead forecast"
"0","  real y[T];  // log return at time T"
"0","  real<lower=0> sigma1; //3 sqrt volatiltiy"
"0","}"
"0","parameters {"
"0","  real mu; "
"0","  real<lower=0> alpha0;          "
"0","  real<lower=0,upper=1> alpha1;  "
"0","  real<lower=0, upper=(1-alpha1)> beta1; "
"0","}"
"0",""
"0","transformed parameters {"
"0","  real<lower=0> sigma[T];"
"0","  sigma[1] = sigma1;"
"0","  for (t in 2:T)"
"0","    sigma[t] = sqrt(alpha0 +"
"0","                      + alpha1 * square(y[t - 1] - mu)"
"0","                    + beta1  * square(sigma[t - 1]));"
"0","}"
"0","model {"
"0","  // prior"
"0","  alpha0 ~ normal(2.47e-6,0.5);"
"0","  alpha1 ~ normal(0.1256,0.5);"
"0","  beta1 ~ normal(0.8543,0.5);"
"0","  // likelihood"
"0","  y ~ normal(mu,sigma);"
"0","}"
"0","generated quantities {"
"0","  real<lower=0> sigma_pred[T];"
"0","  real<lower=0> sigma_bfore[H];"
"0","  real y_bfore[H];"
"0","  real y_pred[T];"
"0",""
"0","  for (h in 1:H) {"
"0","    sigma_bfore[h] = sqrt("
"0","      alpha0"
"0","      + alpha1 * pow(y[T + h - 1], 2)"
"0","      + beta1 * pow(sigma[T + h - 1], 2)"
"0","      );"
"0","    y_bfore[h] = normal_rng(0, sigma_bfore[h]);"
"0","  }"
"0","  "
"0","  sigma_pred[1] = sigma1;"
"0","  y_pred[1] = normal_rng(0, sigma1);"
"0",""
"0","  for (t in 2:T) {"
"0","    sigma_pred[t] = sqrt("
"0","    alpha0"
"0","    + alpha1 * pow(y_pred[t-1], 2)"
"0","    + beta1 * pow(sigma_pred[t-1], 2)"
"0","    );"
"0","    y_pred[t] = normal_rng(0, sigma_pred[t]);"
"0","}"
"0","}"""
